PAT_MRN_ID,NA_LAB_DATE,NA_LAB_RESULT,CREAT_LAB_DATE,CREAT_LAB_RESULT,BILT_LAB_DATE,BILT_LAB_RESULT,AST_LAB_DATE,AST_LAB_RESULT,ALT_LAB_DATE,ALT_LAB_RESULT,ALK_PHOS_LAB_DATE,ALK_PHOS_RESULT,ALB_LAB_DATE,ALB_RESULT,HGB_LAB_DATE,HGB_RESULT,HCT_LAB_DATE,HCT_RESULT,aPTT_LAB_DATE,aPTT_RESULT,PT_LAB_DATE,PT_RESULT,INR_LAB_DATE,INR_RESULT,HBA1C_LAB_DATE,HBA1C_RESULT,PLATELETS_LAB_DATE,PLATELETS_RESULT,LYMPH_LAB_DATE,LYMPH_RESULT,eGFR_LAB_DATE,eGFR_RESULT,AFP_LAB_DATE,AFP_RESULT,WBC_LAB_DATE,WBC_RESULT,NEUTROPHIL_LAB_DATE,NEUTROPHIL_RESULT
24249,2025-05-23 5:12,142,2025-09-29 5:12,97,2025-06-28 5:12,26.2,2024-11-24 5:12,235,2026-03-03 5:12,80,2024-09-11 5:12,65,2024-09-07 5:12,31,2025-04-25 5:12,87,2025-10-21 5:12,0.26,2026-01-10 5:12,40.4,2025-09-01 7:17,14.7,2025-11-24 9:45,1.7,2025-03-28 5:12,9.6,2025-11-01 9:45,49,2025-06-11 9:45,0.5,2025-12-18 5:12,97,2026-01-13 5:12,70,2024-08-21 5:12,9.6,2025-02-14 5:12,8.2
103984,2025-09-15 5:12,142,2024-09-29 5:12,97,2024-09-19 5:12,27,2025-08-12 5:12,147,2025-10-05 5:12,46,2024-12-16 5:12,65,2026-01-26 5:12,37,2025-04-19 8:32,75,2025-03-04 8:32,0.22,2025-02-11 8:32,34.1,2025-07-24 8:32,15.1,2025-04-21 9:45,1.7,2024-11-20 5:12,7.4,2025-02-12 9:45,49,2024-10-10 9:45,0.5,2026-03-17 5:12,30,2024-09-26 5:12,459.5,2024-08-15 8:32,6,2024-11-06 8:32,4.9
121643,2025-08-07 5:12,140,2025-08-07 5:12,101,2025-11-03 5:12,51.5,2025-12-08 5:12,124,2025-07-27 5:12,251,2025-12-30 5:12,212,2026-02-14 5:12,36,2026-03-07 5:12,134,2024-11-10 5:12,0.47,2025-09-24 5:12,43.3,2024-12-15 5:12,17.3,2025-01-05 5:12,1,2024-12-04 5:12,9.1,2026-04-01 5:12,359,2025-08-24 5:12,4.5,2025-06-19 5:12,72,2025-10-23 5:12,5.6,2024-11-01 5:12,19.9,2025-12-08 5:12,8.2
125304,2025-09-26 5:12,134,2024-08-23 5:12,183,2026-01-22 5:12,30.9,2025-11-18 5:12,74,2026-03-12 5:12,54,2025-12-13 5:12,205,2024-12-11 5:12,23,2025-05-25 5:12,71,2024-08-13 5:12,0.36,2025-03-13 5:12,39.8,2025-07-03 5:12,17.6,2025-05-10 5:12,1.4,2024-12-25 5:12,9.6,2025-12-21 5:12,241,2024-08-30 5:12,1.5,2025-03-16 5:12,21,2025-06-21 5:12,95,2025-08-08 5:12,12.5,2025-01-12 5:12,11.4
140575,2025-03-20 5:12,142,2024-11-25 5:12,69,2025-05-15 5:12,9.7,2025-02-20 5:12,90,2025-12-03 5:12,62,2025-11-07 5:12,81,2025-12-04 5:12,45,2026-02-04 5:12,147,2025-10-03 5:12,0.32,2024-10-01 5:12,38.1,2025-10-22 5:12,14.9,2025-11-18 5:12,2.4,2025-07-14 5:12,7.5,2024-12-16 5:12,444,2025-02-12 5:12,2,2025-10-19 5:12,82,2024-09-21 5:12,16.6,2025-05-27 5:12,4.3,2025-07-03 5:12,11.2
142387,2024-09-13 5:12,139,2026-02-28 5:12,82,2026-01-13 5:12,12.1,2025-12-16 5:12,135,2025-09-23 5:12,184,2024-09-11 5:12,147,2024-12-22 5:12,22,2025-06-13 5:12,70,2025-05-21 5:12,0.55,2025-05-25 5:12,41.3,2025-09-04 5:12,14.9,2025-09-22 5:12,2.5,2025-06-24 5:12,10,2025-06-06 5:12,231,2026-03-01 5:12,0.9,2024-11-16 5:12,115,2025-09-26 5:12,56.2,2025-11-21 5:12,18.2,2026-02-21 5:12,12
147085,2025-01-26 5:12,127,2025-02-17 5:12,42,2025-05-14 5:12,77.1,2024-08-15 5:12,115,2024-11-26 5:12,264,2024-10-16 5:12,163,2024-11-15 5:12,48,2026-01-10 5:12,172,2025-03-23 5:12,0.45,2026-01-25 5:12,22.9,2025-08-04 5:12,12.6,2024-10-08 5:12,2.1,2025-09-08 5:12,8,2025-12-21 5:12,441,2025-01-21 5:12,2.7,2026-01-06 5:12,66,2025-07-21 5:12,310.5,2025-06-15 5:12,17.8,2024-12-16 5:12,9
151031,2025-06-11 5:12,145,2024-10-22 5:12,205,2024-12-13 5:12,73,2025-03-29 5:12,15,2026-03-02 5:12,67,2026-02-03 5:12,221,2025-09-28 5:12,23,2025-12-17 5:12,76,2024-08-17 5:12,0.53,2025-09-16 5:12,26.6,2025-07-14 5:12,17.1,2025-06-05 5:12,1.3,2025-02-21 5:12,9.6,2024-10-26 5:12,209,2025-01-11 5:12,4.5,2024-11-14 5:12,58,2025-04-24 5:12,121.6,2025-09-29 5:12,11.7,2024-09-09 5:12,2.5
159905,2025-01-20 5:12,140,2025-03-06 5:12,180,2024-11-06 5:12,56.9,2026-01-03 5:12,208,2026-03-22 5:12,100,2025-08-18 5:12,163,2024-10-02 5:12,45,2025-12-21 5:12,175,2024-11-20 5:12,0.22,2025-01-09 5:12,24.9,2025-12-14 5:12,13.8,2025-01-29 5:12,2,2025-11-07 5:12,6.5,2025-06-30 5:12,365,2025-06-29 5:12,3.2,2024-10-27 5:12,14,2025-09-04 5:12,285,2025-05-14 5:12,13.2,2025-05-28 5:12,13.7
170556,2025-08-07 5:12,141,2025-04-06 5:12,188,2025-01-26 5:12,23.5,2026-01-10 5:12,225,2024-11-14 5:12,235,2024-11-06 5:12,121,2025-06-12 5:12,47,2025-02-28 5:12,156,2025-06-20 5:12,0.49,2024-11-08 5:12,33.6,2025-09-25 5:12,10.4,2025-06-01 5:12,2,2024-09-08 5:12,7.5,2024-10-10 5:12,75,2026-01-10 5:12,2.8,2026-02-04 5:12,116,2024-12-22 5:12,295.5,2025-05-07 5:12,6.9,2025-05-26 5:12,13.1
175608,2025-01-15 5:12,128,2024-10-11 5:12,204,2025-05-28 5:12,77.6,2025-11-27 5:12,44,2025-10-26 5:12,292,2024-09-26 5:12,112,2024-09-02 5:12,49,2025-03-07 5:12,131,2024-11-18 5:12,0.42,2026-02-04 5:12,39.1,2026-03-16 5:12,15,2025-08-20 5:12,1.5,2025-05-01 5:12,7.7,2025-08-29 5:12,268,2025-05-30 5:12,1.9,2025-09-07 5:12,21,2024-12-11 5:12,424.9,2025-09-22 5:12,2.9,2026-01-26 5:12,12.2
178589,2025-04-02 5:12,134,2024-11-27 5:12,136,2025-06-24 5:12,63,2025-06-04 5:12,143,2025-12-09 5:12,155,2026-03-25 5:12,124,2025-07-25 5:12,44,2025-08-12 5:12,154,2025-06-17 5:12,0.23,2025-08-22 5:12,36.5,2025-05-03 5:12,15.7,2024-09-01 5:12,1.9,2026-03-04 5:12,5.1,2025-09-20 5:12,369,2025-03-03 5:12,4.1,2024-09-19 5:12,15,2024-11-12 5:12,3.4,2024-09-24 5:12,12.7,2025-10-09 5:12,2.4
181180,2024-08-20 5:12,132,2025-08-19 5:12,159,2025-10-31 5:12,58.2,2025-06-09 5:12,36,2025-07-12 5:12,52,2025-04-26 5:12,173,2024-09-06 5:12,43,2025-09-15 5:12,155,2025-10-03 5:12,0.4,2025-01-20 5:12,41.6,2026-03-28 5:12,12.7,2025-09-11 5:12,0.8,2026-03-30 5:12,6.9,2025-06-24 5:12,419,2025-06-26 5:12,2.4,2025-09-15 5:12,37,2025-06-15 5:12,426.8,2025-08-08 5:12,7.3,2024-08-17 5:12,3.9
190533,2025-09-19 5:12,144,2025-07-20 5:12,69,2025-07-16 5:12,37.6,2025-01-15 5:12,171,2025-12-10 5:12,14,2026-01-03 5:12,221,2025-02-05 5:12,39,2025-07-11 5:12,174,2024-11-17 5:12,0.43,2025-12-24 5:12,25.6,2025-06-02 5:12,16.9,2025-03-29 5:12,1.2,2024-10-24 5:12,10,2025-05-20 5:12,377,2025-08-08 5:12,0.9,2025-12-15 5:12,17,2024-10-24 5:12,309.9,2024-12-20 5:12,13.9,2026-03-20 5:12,11.4
202734,2025-04-18 5:12,138,2025-03-16 5:12,64,2024-09-16 5:12,24,2025-04-30 5:12,77,2025-08-19 5:12,77,2024-11-14 5:12,130,2025-04-25 5:12,43,2025-12-30 5:12,90,2024-08-17 5:12,0.18,2025-01-11 5:12,38.9,2026-01-06 5:12,16.8,2025-10-06 5:12,1.7,2025-07-15 5:12,8.3,2024-11-17 5:12,55,2025-02-19 5:12,1.8,2025-09-26 5:12,60,2025-11-17 5:12,82.2,2026-02-18 5:12,17.1,2026-01-30 5:12,1.3
203406,2025-03-20 5:12,141,2025-01-03 5:12,180,2025-01-12 5:12,10.4,2025-04-09 5:12,168,2026-01-03 5:12,48,2026-03-09 5:12,85,2025-11-25 5:12,24,2025-01-22 5:12,131,2025-04-24 5:12,0.35,2025-05-29 5:12,26.4,2026-01-27 5:12,18.4,2024-08-27 5:12,1.1,2025-05-31 5:12,5.6,2024-10-06 5:12,193,2025-12-21 5:12,0.6,2024-10-27 5:12,67,2025-12-03 5:12,386.7,2026-02-26 5:12,2.3,2025-05-08 5:12,14.7
210263,2025-11-18 5:12,134,2025-01-09 5:12,139,2024-08-30 5:12,72.5,2024-08-11 5:12,184,2025-01-26 5:12,207,2025-10-25 5:12,82,2025-08-20 5:12,36,2025-05-10 5:12,71,2024-08-21 5:12,0.49,2025-01-22 5:12,28.2,2024-09-29 5:12,17.8,2025-01-12 5:12,1.1,2024-11-15 5:12,6.5,2025-08-20 5:12,60,2025-09-20 5:12,1.1,2025-09-06 5:12,44,2024-09-25 5:12,427.9,2024-11-03 5:12,12.7,2025-10-27 5:12,6.3
214975,2025-12-26 5:12,130,2025-03-05 5:12,159,2024-11-05 5:12,38.1,2024-12-02 5:12,194,2024-09-26 5:12,45,2024-12-22 5:12,194,2025-08-26 5:12,35,2025-09-14 5:12,134,2025-08-11 5:12,0.29,2025-05-01 5:12,38.3,2025-12-06 5:12,17.8,2025-12-18 5:12,2.2,2024-08-15 5:12,5.6,2026-03-09 5:12,85,2025-03-22 5:12,0.4,2024-11-11 5:12,16,2025-08-14 5:12,127.9,2024-11-11 5:12,6.2,2025-11-10 5:12,11.1
225369,2024-09-13 5:12,136,2025-03-14 5:12,201,2025-01-26 5:12,18.6,2025-11-27 5:12,36,2025-06-25 5:12,157,2025-11-29 5:12,210,2025-10-03 5:12,46,2026-01-01 5:12,81,2025-03-13 5:12,0.35,2025-10-15 5:12,44.5,2024-11-27 5:12,13.8,2025-11-03 5:12,2.5,2024-12-04 5:12,4.6,2026-01-31 5:12,317,2025-12-29 5:12,2.2,2025-06-09 5:12,22,2025-11-22 5:12,459.5,2024-09-22 5:12,17.7,2025-04-13 5:12,13.4
228088,2025-12-09 5:12,126,2025-09-13 5:12,173,2025-12-25 5:12,26.6,2025-04-27 5:12,230,2024-12-21 5:12,211,2026-02-19 5:12,53,2024-09-28 5:12,34,2026-01-21 5:12,128,2025-08-17 5:12,0.34,2024-11-10 5:12,36.1,2026-03-15 5:12,19.4,2024-10-02 5:12,1.7,2024-11-30 5:12,10.1,2025-12-27 5:12,332,2024-09-16 5:12,3,2025-06-21 5:12,52,2024-10-30 5:12,227.8,2024-12-12 5:12,6.6,2025-04-06 5:12,6.5
229208,2025-03-08 5:12,142,2025-02-06 5:12,156,2025-09-28 5:12,47.6,2024-10-28 5:12,65,2026-03-24 5:12,179,2025-04-05 5:12,45,2025-04-13 5:12,32,2025-12-03 5:12,129,2026-01-31 5:12,0.29,2024-12-11 5:12,23.3,2025-02-18 5:12,16.6,2026-03-26 5:12,2.2,2024-12-15 5:12,7.2,2026-02-25 5:12,357,2025-02-05 5:12,1.7,2024-12-03 5:12,17,2026-01-30 5:12,302.1,2025-06-21 5:12,13,2025-05-03 5:12,5.5
243441,2025-02-13 5:12,138,2025-12-29 5:12,157,2025-09-17 5:12,16.6,2025-04-26 5:12,19,2024-10-01 5:12,68,2024-12-12 5:12,161,2024-09-11 5:12,39,2025-10-22 5:12,116,2026-03-18 5:12,0.52,2024-08-28 5:12,36.2,2025-12-20 5:12,15.2,2025-03-17 5:12,2.5,2024-08-12 5:12,6.3,2025-09-16 5:12,395,2024-10-09 5:12,2.1,2024-11-18 5:12,87,2025-09-06 5:12,492.3,2025-09-03 5:12,12,2026-01-22 5:12,9.5
245412,2025-10-12 5:12,140,2024-10-22 5:12,104,2024-10-08 5:12,69,2025-09-10 5:12,143,2025-08-29 5:12,243,2024-10-30 5:12,62,2025-02-19 5:12,28,2026-02-28 5:12,123,2025-02-25 5:12,0.47,2025-04-30 5:12,23,2026-02-11 5:12,17.5,2025-01-05 5:12,1,2025-05-12 5:12,8.1,2024-10-02 5:12,343,2026-03-10 5:12,4.3,2025-08-23 5:12,33,2025-11-01 5:12,181.4,2026-02-18 5:12,9.1,2025-11-09 5:12,9.1
248174,2025-10-06 5:12,132,2026-01-25 5:12,46,2025-11-28 5:12,61.4,2025-04-22 5:12,99,2025-03-30 5:12,217,2025-05-20 5:12,211,2025-07-09 5:12,24,2026-01-13 5:12,152,2025-03-09 5:12,0.22,2026-03-17 5:12,42.3,2025-06-19 5:12,14.3,2025-11-18 5:12,1.6,2024-09-10 5:12,4.5,2024-11-27 5:12,368,2025-07-29 5:12,3.5,2026-01-29 5:12,43,2026-03-10 5:12,406.8,2025-10-30 5:12,14.2,2025-02-10 5:12,6.7
253630,2025-04-27 5:12,144,2025-07-20 5:12,132,2026-01-27 5:12,58.4,2025-01-09 5:12,209,2025-01-08 5:12,224,2025-09-01 5:12,98,2025-05-25 5:12,34,2025-07-18 5:12,156,2025-07-13 5:12,0.55,2025-01-14 5:12,38.3,2025-05-31 5:12,16.2,2026-03-10 5:12,1.5,2025-07-19 5:12,6.2,2025-06-14 5:12,60,2025-07-09 5:12,2.6,2024-09-28 5:12,53,2026-01-02 5:12,159.9,2025-10-14 5:12,15.1,2024-10-25 5:12,9.4
256766,2024-10-28 5:12,143,2026-01-23 5:12,85,2024-08-28 5:12,36.3,2025-08-28 5:12,204,2025-09-20 5:12,48,2024-11-21 5:12,62,2026-01-25 5:12,33,2025-08-13 5:12,119,2025-03-28 5:12,0.51,2025-01-02 5:12,26,2026-01-23 5:12,18.8,2025-09-06 5:12,0.9,2024-09-28 5:12,8.7,2025-08-29 5:12,136,2025-10-01 5:12,1.5,2025-07-05 5:12,56,2026-01-11 5:12,399.8,2024-10-04 5:12,12.2,2025-10-24 5:12,14.1
267572,2024-08-30 5:12,141,2025-10-07 5:12,126,2024-10-08 5:12,51.3,2024-10-02 5:12,86,2025-07-16 5:12,46,2024-09-03 5:12,233,2025-12-05 5:12,27,2026-01-18 5:12,132,2026-02-21 5:12,0.29,2026-03-10 5:12,24.1,2026-03-19 5:12,20.6,2024-11-11 5:12,2.1,2026-02-09 5:12,8.3,2025-12-12 5:12,295,2025-12-22 5:12,4.1,2024-11-03 5:12,10,2025-08-04 5:12,300.8,2024-11-12 5:12,15.7,2025-09-29 5:12,7.5
267655,2025-01-27 5:12,129,2025-03-23 5:12,219,2024-12-03 5:12,48,2026-01-14 5:12,239,2024-08-27 5:12,279,2024-08-15 5:12,66,2025-02-15 5:12,31,2025-03-28 5:12,172,2026-01-14 5:12,0.49,2024-09-04 5:12,26.2,2025-02-11 5:12,21.1,2024-12-30 5:12,1.5,2024-11-14 5:12,10.4,2024-09-29 5:12,392,2025-06-28 5:12,1.3,2024-11-19 5:12,22,2024-12-27 5:12,109,2025-02-23 5:12,19.7,2025-06-13 5:12,3.8
272424,2024-11-04 5:12,134,2025-01-06 5:12,89,2025-10-24 5:12,53,2026-02-16 5:12,80,2025-12-23 5:12,125,2025-09-06 5:12,93,2026-01-11 5:12,31,2025-03-31 5:12,74,2025-10-25 5:12,0.22,2025-05-31 5:12,44.5,2025-03-19 5:12,16,2025-12-16 5:12,1.6,2026-03-21 5:12,8.2,2025-04-03 5:12,42,2024-12-11 5:12,1.7,2025-10-06 5:12,105,2025-12-16 5:12,207.6,2025-08-19 5:12,9.5,2024-10-31 5:12,6.3
274137,2026-02-07 5:12,126,2024-12-15 5:12,52,2026-03-07 5:12,9.5,2025-08-31 5:12,134,2024-11-14 5:12,97,2025-08-27 5:12,64,2026-04-01 5:12,30,2025-01-02 5:12,74,2026-03-06 5:12,0.55,2024-10-03 5:12,32.5,2025-08-08 5:12,16.2,2025-03-07 5:12,1.1,2026-02-11 5:12,7.4,2026-01-19 5:12,251,2024-08-25 5:12,4.1,2025-04-03 5:12,10,2026-02-03 5:12,159.5,2025-06-09 5:12,11.3,2026-03-18 5:12,6.5
285429,2025-01-26 5:12,128,2025-04-01 5:12,99,2025-04-02 5:12,35,2024-08-27 5:12,71,2024-08-14 5:12,152,2024-12-19 5:12,55,2026-03-13 5:12,31,2024-12-12 5:12,71,2025-09-01 5:12,0.43,2024-08-15 5:12,40,2025-08-22 5:12,19.6,2025-03-29 5:12,1.1,2025-02-02 5:12,9.1,2025-10-08 5:12,318,2025-10-24 5:12,2.5,2025-03-12 5:12,66,2025-11-22 5:12,40,2026-04-02 5:12,2.2,2024-08-31 5:12,2.8
286709,2026-02-11 5:12,139,2024-11-27 5:12,102,2026-02-14 5:12,6.2,2025-05-23 5:12,235,2025-01-11 5:12,202,2026-02-04 5:12,35,2025-12-04 5:12,41,2024-12-07 5:12,139,2025-03-27 5:12,0.42,2025-07-04 5:12,36.6,2025-09-13 5:12,13.8,2024-10-11 5:12,2.3,2024-09-10 5:12,9.9,2025-01-14 5:12,52,2025-09-27 5:12,3.4,2025-08-16 5:12,64,2025-04-26 5:12,15.9,2025-09-19 5:12,16.3,2025-03-28 5:12,3.3
290378,2026-03-21 5:12,140,2026-01-01 5:12,179,2025-02-01 5:12,41,2024-10-14 5:12,50,2025-03-28 5:12,287,2024-10-25 5:12,42,2025-01-20 5:12,29,2024-11-30 5:12,110,2025-01-14 5:12,0.21,2025-11-20 5:12,35.2,2025-02-02 5:12,20,2025-10-10 5:12,0.9,2025-05-09 5:12,8.8,2024-10-15 5:12,205,2025-07-07 5:12,2.8,2026-02-17 5:12,47,2025-11-06 5:12,173.9,2025-09-25 5:12,11.4,2025-09-13 5:12,10.6
291789,2025-08-16 5:12,144,2025-03-09 5:12,157,2025-01-10 5:12,28.4,2025-05-28 5:12,21,2025-08-30 5:12,93,2025-06-26 5:12,68,2025-10-25 5:12,48,2026-01-29 5:12,153,2024-11-26 5:12,0.51,2025-12-01 5:12,25.3,2026-02-04 5:12,15.9,2025-01-08 5:12,1.2,2026-02-13 5:12,10.3,2025-02-07 5:12,407,2025-11-17 5:12,3,2025-08-05 5:12,57,2025-11-09 5:12,10.5,2025-12-08 5:12,9.3,2026-03-13 5:12,5.8
295229,2025-01-06 5:12,132,2025-05-18 5:12,205,2026-03-22 5:12,14.1,2025-08-11 5:12,114,2025-05-19 5:12,278,2025-06-05 5:12,42,2025-09-21 5:12,47,2025-05-08 5:12,141,2026-03-14 5:12,0.19,2024-11-06 5:12,43.8,2025-12-05 5:12,11.4,2026-01-14 5:12,1.3,2024-11-21 5:12,9.2,2025-05-30 5:12,315,2025-04-08 5:12,1.6,2024-10-20 5:12,96,2026-03-01 5:12,83.6,2025-03-10 5:12,3.7,2026-03-25 5:12,14.4
297832,2025-07-31 5:12,132,2025-05-09 5:12,180,2024-09-12 5:12,11,2026-01-26 5:12,248,2024-09-23 5:12,17,2025-03-31 5:12,160,2025-03-29 5:12,34,2025-09-09 5:12,100,2025-10-01 5:12,0.27,2025-05-13 5:12,28.9,2026-01-07 5:12,10.9,2024-12-28 5:12,1.6,2025-07-31 5:12,9.7,2025-12-29 5:12,137,2026-02-12 5:12,1.3,2025-04-22 5:12,103,2025-03-10 5:12,362.9,2025-12-14 5:12,18,2025-11-28 5:12,4.4
301913,2025-04-15 5:12,134,2024-09-10 5:12,125,2025-11-29 5:12,48.2,2024-11-17 5:12,224,2024-09-01 5:12,171,2025-11-07 5:12,180,2024-09-05 5:12,30,2025-11-09 5:12,168,2025-11-13 5:12,0.23,2025-06-18 5:12,35.3,2025-04-24 5:12,20.1,2025-09-02 5:12,1.8,2025-02-22 5:12,5.2,2025-12-16 5:12,390,2024-10-28 5:12,1.7,2025-11-09 5:12,39,2025-12-22 5:12,354.3,2025-10-13 5:12,9.1,2025-02-25 5:12,2.4
315840,2025-02-11 5:12,129,2026-02-10 5:12,211,2025-09-08 5:12,16.1,2025-08-17 5:12,190,2025-02-09 5:12,194,2024-09-01 5:12,117,2025-06-05 5:12,36,2025-08-16 5:12,152,2026-02-25 5:12,0.47,2025-05-09 5:12,38.1,2024-11-30 5:12,10.7,2024-10-31 5:12,1.6,2025-01-05 5:12,8.9,2025-12-31 5:12,183,2026-02-10 5:12,1,2024-09-04 5:12,45,2024-11-13 5:12,369.6,2025-09-09 5:12,14.3,2025-05-02 5:12,11.5
324158,2024-09-06 5:12,128,2024-11-09 5:12,75,2025-12-30 5:12,74.2,2025-06-04 5:12,224,2024-12-15 5:12,41,2025-12-02 5:12,100,2025-02-26 5:12,45,2025-04-21 5:12,92,2026-01-07 5:12,0.25,2025-05-02 5:12,36.9,2024-11-07 5:12,13.4,2025-12-05 5:12,0.9,2024-11-03 5:12,7.1,2025-06-24 5:12,390,2025-08-20 5:12,4,2025-11-20 5:12,37,2026-01-22 5:12,159.3,2026-01-04 5:12,4.7,2025-03-18 5:12,13.3
335828,2025-04-23 5:12,135,2024-12-06 5:12,45,2025-10-02 5:12,47.7,2025-01-26 5:12,224,2024-12-13 5:12,51,2025-03-28 5:12,141,2024-12-26 5:12,40,2025-01-09 5:12,104,2024-10-09 5:12,0.52,2026-03-10 5:12,43.6,2025-02-28 5:12,14,2024-12-22 5:12,1.2,2025-09-08 5:12,7.8,2025-06-10 5:12,163,2025-04-13 5:12,1.5,2024-12-11 5:12,63,2024-12-15 5:12,445.1,2025-08-11 5:12,19.3,2025-02-16 5:12,4.9
343388,2026-03-18 5:12,130,2026-02-03 5:12,59,2025-12-23 5:12,29.7,2026-01-09 5:12,135,2026-02-15 5:12,132,2026-03-25 5:12,223,2025-11-03 5:12,44,2025-12-18 5:12,98,2025-06-05 5:12,0.42,2026-02-17 5:12,25.4,2024-09-02 5:12,12.1,2026-02-01 5:12,2.2,2024-11-20 5:12,8.4,2025-01-28 5:12,282,2025-03-22 5:12,2.7,2025-07-28 5:12,85,2026-03-27 5:12,297.3,2025-04-15 5:12,5.2,2024-08-15 5:12,3.8
345667,2025-08-28 5:12,138,2025-10-14 5:12,192,2025-10-25 5:12,48.5,2025-04-01 5:12,86,2025-08-12 5:12,290,2025-07-01 5:12,217,2024-10-08 5:12,36,2024-12-29 5:12,79,2025-12-18 5:12,0.19,2026-01-17 5:12,33.7,2026-01-24 5:12,13.8,2025-08-27 5:12,1.9,2025-11-15 5:12,10.3,2025-06-18 5:12,203,2026-02-02 5:12,3.6,2024-11-11 5:12,35,2025-12-28 5:12,63.9,2025-12-01 5:12,5.6,2025-09-14 5:12,3.6
355168,2024-12-03 5:12,134,2026-02-02 5:12,137,2025-07-15 5:12,4.8,2025-09-05 5:12,195,2026-02-19 5:12,183,2024-11-05 5:12,40,2025-04-29 5:12,39,2025-02-06 5:12,78,2026-01-11 5:12,0.18,2026-03-07 5:12,31.3,2025-02-16 5:12,18.9,2024-11-23 5:12,1.9,2025-05-03 5:12,10.4,2025-04-10 5:12,153,2025-01-29 5:12,3.6,2024-10-03 5:12,46,2024-11-29 5:12,72.7,2025-08-13 5:12,17.5,2026-02-18 5:12,8.3
359372,2025-11-22 5:12,142,2025-05-11 5:12,74,2024-11-06 5:12,76.8,2025-04-03 5:12,169,2025-11-30 5:12,281,2025-06-16 5:12,70,2024-11-06 5:12,29,2024-12-29 5:12,172,2026-03-01 5:12,0.2,2026-01-01 5:12,32.9,2025-06-26 5:12,10.2,2024-11-02 5:12,1.9,2024-08-28 5:12,6.2,2024-12-10 5:12,403,2025-01-03 5:12,2.1,2025-03-20 5:12,112,2024-08-29 5:12,346.9,2026-03-17 5:12,18.4,2026-02-24 5:12,7.6
359524,2025-12-15 5:12,139,2025-08-11 5:12,145,2025-09-07 5:12,40.1,2025-07-12 5:12,100,2026-02-14 5:12,243,2025-10-24 5:12,82,2025-03-21 5:12,42,2025-11-06 5:12,113,2025-02-08 5:12,0.4,2025-02-18 5:12,24.7,2025-03-15 5:12,19.9,2024-09-29 5:12,2.1,2024-10-01 5:12,8.9,2024-10-13 5:12,117,2024-10-30 5:12,2.3,2024-09-19 5:12,15,2025-02-04 5:12,87.3,2025-08-21 5:12,5.8,2025-09-27 5:12,4.6
362569,2024-08-21 5:12,131,2024-08-22 5:12,72,2025-09-14 5:12,63.3,2025-11-27 5:12,33,2025-01-04 5:12,146,2025-11-21 5:12,85,2024-08-17 5:12,26,2025-04-17 5:12,106,2025-10-29 5:12,0.48,2024-12-31 5:12,25.1,2026-02-10 5:12,20.3,2025-08-19 5:12,0.9,2025-09-11 5:12,9,2025-05-09 5:12,75,2025-02-01 5:12,4.5,2025-11-23 5:12,61,2025-05-09 5:12,254.1,2024-10-29 5:12,10.5,2025-04-27 5:12,1.6
363040,2025-11-04 5:12,142,2026-03-01 5:12,186,2025-12-25 5:12,9.4,2024-10-22 5:12,189,2025-10-04 5:12,238,2026-02-13 5:12,156,2025-02-21 5:12,41,2025-04-05 5:12,148,2024-10-22 5:12,0.27,2025-09-11 5:12,28.4,2025-11-03 5:12,14.5,2025-04-12 5:12,1.4,2026-02-11 5:12,6.6,2025-10-01 5:12,180,2024-10-26 5:12,3.1,2025-03-14 5:12,88,2026-02-14 5:12,495.9,2025-04-12 5:12,15.2,2025-11-19 5:12,7.7
372265,2024-12-14 5:12,141,2025-07-12 5:12,134,2024-11-29 5:12,40.5,2025-05-29 5:12,73,2025-06-11 5:12,15,2024-09-14 5:12,122,2025-07-16 5:12,46,2025-09-21 5:12,126,2024-09-29 5:12,0.49,2025-02-16 5:12,29,2026-03-29 5:12,11.8,2025-12-19 5:12,1.7,2025-12-15 5:12,5.2,2025-10-13 5:12,334,2026-03-28 5:12,3.7,2026-01-26 5:12,27,2026-01-04 5:12,3,2025-01-26 5:12,17.8,2025-08-14 5:12,14.4
372790,2026-01-20 5:12,133,2024-08-20 5:12,120,2024-09-12 5:12,40.8,2024-11-28 5:12,235,2024-11-11 5:12,42,2025-02-23 5:12,41,2025-12-13 5:12,24,2024-09-12 5:12,172,2025-02-04 5:12,0.2,2025-10-29 5:12,31.8,2025-08-25 5:12,17.2,2026-03-31 5:12,1.4,2025-11-07 5:12,4.7,2024-12-27 5:12,371,2025-11-08 5:12,4.1,2026-03-31 5:12,15,2025-03-28 5:12,9.3,2025-01-11 5:12,8.8,2025-07-10 5:12,10.1
